train/leather (1).jpg,29,4,203,164,red-leather-ball
train/leather (10).jpg,53,34,159,119,red-leather-ball
train/leather (100).jpg,171,29,239,95,red-leather-ball
train/leather (101).jpg,72,164,115,211,red-leather-ball
train/leather (102).jpg,12,83,166,234,red-leather-ball
train/leather (103).jpg,29,28,151,153,red-leather-ball
train/leather (104).jpg,49,45,142,139,red-leather-ball
train/leather (105).jpg,17,15,206,206,red-leather-ball
train/leather (106).jpg,44,18,216,185,red-leather-ball
train/leather (108).jpg,33,171,79,218,red-leather-ball
train/leather (108).jpg,80,170,123,218,red-leather-ball
train/leather (108).jpg,123,171,170,219,red-leather-ball
train/leather (109).jpg,94,49,178,134,red-leather-ball
train/leather (11).jpg,39,127,145,238,red-leather-ball
train/leather (110).jpg,29,18,124,112,red-leather-ball
train/leather (110).jpg,155,20,248,113,red-leather-ball
train/leather (110).jpg,283,20,374,112,red-leather-ball
train/leather (111).jpg,27,71,112,156,red-leather-ball
train/leather (111).jpg,111,72,195,156,red-leather-ball
train/leather (112).jpg,80,51,120,89,red-leather-ball
train/leather (113).jpg,69,91,132,156,red-leather-ball
train/leather (114).jpg,24,3,181,150,red-leather-ball
train/leather (115).jpg,2,1,223,225,red-leather-ball
train/leather (116).jpg,15,21,206,216,red-leather-ball
train/leather (117).jpg,24,23,97,92,red-leather-ball
train/leather (117).jpg,97,22,170,92,red-leather-ball
train/leather (117).jpg,170,20,242,91,red-leather-ball
train/leather (117).jpg,22,85,98,144,red-leather-ball
train/leather (117).jpg,98,84,174,143,red-leather-ball
train/leather (117).jpg,174,83,249,141,red-leather-ball
train/leather (118).jpg,2,1,224,224,red-leather-ball
train/leather (119).jpg,9,15,158,167,red-leather-ball
train/leather (12).jpg,1,25,68,93,red-leather-ball
train/leather (12).jpg,73,76,151,155,red-leather-ball
train/leather (12).jpg,148,21,221,93,red-leather-ball
train/leather (12).jpg,2,133,70,202,red-leather-ball
train/leather (12).jpg,150,129,224,203,red-leather-ball
train/leather (120).jpg,60,59,166,167,red-leather-ball
train/leather (121).jpg,2,2,224,223,red-leather-ball
train/leather (122).jpg,4,19,204,224,red-leather-ball
train/leather (123).jpg,88,16,217,148,red-leather-ball
train/leather (124).jpg,3,5,84,85,red-leather-ball
train/leather (124).jpg,102,4,183,85,red-leather-ball
train/leather (124).jpg,202,4,283,86,red-leather-ball
train/leather (124).jpg,6,89,86,172,red-leather-ball
train/leather (124).jpg,105,90,185,173,red-leather-ball
train/leather (124).jpg,204,90,286,172,red-leather-ball
train/leather (125).jpg,57,35,146,120,red-leather-ball
train/leather (125).jpg,6,121,93,207,red-leather-ball
train/leather (125).jpg,112,122,202,207,red-leather-ball
train/leather (126).jpg,41,49,109,109,red-leather-ball
train/leather (126).jpg,108,53,173,111,red-leather-ball
train/leather (126).jpg,39,109,106,168,red-leather-ball
train/leather (126).jpg,107,111,173,169,red-leather-ball
train/leather (126).jpg,35,168,105,231,red-leather-ball
train/leather (126).jpg,105,169,173,233,red-leather-ball
train/leather (127).jpg,5,6,217,222,red-leather-ball
train/leather (128).jpg,10,27,192,214,red-leather-ball
train/leather (129).jpg,2,2,223,223,red-leather-ball
train/leather (13).jpg,37,49,112,133,red-leather-ball
train/leather (130).jpg,19,40,178,200,red-leather-ball
train/leather (131).jpg,16,58,178,219,red-leather-ball
train/leather (132).jpg,18,97,118,199,red-leather-ball
train/leather (132).jpg,119,106,217,207,red-leather-ball
train/leather (132).jpg,54,26,151,120,red-leather-ball
train/leather (132).jpg,150,29,225,125,red-leather-ball
train/leather (133).jpg,89,111,224,225,red-leather-ball
train/leather (133).jpg,61,1,201,112,red-leather-ball
train/leather (133).jpg,1,59,72,207,red-leather-ball
train/leather (134).jpg,1,1,225,223,red-leather-ball
train/leather (135).jpg,39,35,190,190,red-leather-ball
train/leather (136).jpg,6,4,221,222,red-leather-ball
train/leather (137).jpg,1,1,287,174,red-leather-ball
train/leather (138).jpg,25,15,188,178,red-leather-ball
train/leather (139).jpg,25,77,148,200,red-leather-ball
train/leather (14).jpg,19,1,100,81,red-leather-ball
train/leather (14).jpg,102,2,178,80,red-leather-ball
train/leather (14).jpg,18,80,102,162,red-leather-ball
train/leather (14).jpg,103,82,182,161,red-leather-ball
train/leather (14).jpg,16,163,101,250,red-leather-ball
train/leather (14).jpg,102,163,181,244,red-leather-ball
train/leather (140).jpg,57,43,93,72,red-leather-ball
train/leather (140).jpg,95,44,131,74,red-leather-ball
train/leather (140).jpg,130,42,167,74,red-leather-ball
train/leather (140).jpg,54,68,92,101,red-leather-ball
train/leather (140).jpg,92,69,130,102,red-leather-ball
train/leather (140).jpg,131,69,169,100,red-leather-ball
train/leather (140).jpg,50,98,89,132,red-leather-ball
train/leather (140).jpg,90,98,130,135,red-leather-ball
train/leather (140).jpg,130,96,171,133,red-leather-ball
train/leather (140).jpg,44,126,87,171,red-leather-ball
train/leather (140).jpg,86,128,128,169,red-leather-ball
train/leather (140).jpg,127,128,170,171,red-leather-ball
train/leather (141).jpg,12,5,91,84,red-leather-ball
train/leather (141).jpg,94,3,174,83,red-leather-ball
train/leather (141).jpg,177,3,260,85,red-leather-ball
train/leather (141).jpg,11,96,91,179,red-leather-ball
train/leather (141).jpg,91,96,173,179,red-leather-ball
train/leather (141).jpg,174,95,254,179,red-leather-ball
train/leather (142).jpg,143,27,226,112,red-leather-ball
train/leather (143).jpg,20,20,205,204,red-leather-ball
train/leather (144).jpg,59,26,200,168,red-leather-ball
train/leather (145).jpg,7,26,200,219,red-leather-ball
train/leather (146).jpg,90,15,219,147,red-leather-ball
train/leather (147).jpg,14,13,205,207,red-leather-ball
train/leather (148).jpg,3,22,204,222,red-leather-ball
train/leather (149).jpg,44,41,192,189,red-leather-ball
train/leather (15).jpg,54,15,204,167,red-leather-ball
train/leather (150).jpg,67,150,174,259,red-leather-ball
train/leather (151).jpg,19,23,100,95,red-leather-ball
train/leather (151).jpg,100,28,180,98,red-leather-ball
train/leather (151).jpg,8,86,102,172,red-leather-ball
train/leather (151).jpg,101,92,193,175,red-leather-ball
train/leather (151).jpg,1,167,104,251,red-leather-ball
train/leather (151).jpg,103,170,200,251,red-leather-ball
train/leather (152).jpg,29,29,196,197,red-leather-ball
train/leather (153).jpg,1,127,50,190,red-leather-ball
train/leather (153).jpg,82,111,142,171,red-leather-ball
train/leather (153).jpg,154,129,218,193,red-leather-ball
train/leather (153).jpg,25,95,83,150,red-leather-ball
train/leather (153).jpg,1,71,47,124,red-leather-ball
train/leather (153).jpg,57,67,110,116,red-leather-ball
train/leather (153).jpg,124,81,179,138,red-leather-ball
train/leather (153).jpg,181,73,225,129,red-leather-ball
train/leather (153).jpg,26,37,75,86,red-leather-ball
train/leather (153).jpg,102,46,152,93,red-leather-ball
train/leather (153).jpg,151,50,202,99,red-leather-ball
train/leather (153).jpg,138,27,183,61,red-leather-ball
train/leather (154).jpg,5,5,111,112,red-leather-ball
train/leather (154).jpg,116,11,221,118,red-leather-ball
train/leather (154).jpg,59,108,164,215,red-leather-ball
train/leather (155).jpg,108,40,214,149,red-leather-ball
train/leather (156).jpg,34,34,187,190,red-leather-ball
train/leather (157).jpg,29,27,197,194,red-leather-ball
train/leather (158).jpg,4,1,221,226,red-leather-ball
train/leather (159).jpg,40,43,108,107,red-leather-ball
train/leather (159).jpg,108,44,175,107,red-leather-ball
train/leather (159).jpg,176,40,243,105,red-leather-ball
train/leather (159).jpg,35,95,107,145,red-leather-ball
train/leather (159).jpg,106,96,179,143,red-leather-ball
train/leather (159).jpg,179,93,251,141,red-leather-ball
train/leather (16).jpg,53,19,207,173,red-leather-ball
train/leather (160).jpg,16,27,186,198,red-leather-ball
train/leather (161).jpg,81,17,218,152,red-leather-ball
train/leather (162).jpg,2,2,221,222,red-leather-ball
train/leather (163).jpg,2,3,210,213,red-leather-ball
train/leather (164).jpg,49,55,173,178,red-leather-ball
train/leather (165).jpg,28,27,198,199,red-leather-ball
train/leather (166).jpg,17,107,59,152,red-leather-ball
train/leather (166).jpg,164,104,210,150,red-leather-ball
train/leather (167).jpg,20,2,193,175,red-leather-ball
train/leather (168).jpg,15,16,208,210,red-leather-ball
train/leather (169).jpg,7,5,72,71,red-leather-ball
train/leather (169).jpg,79,5,144,70,red-leather-ball
train/leather (169).jpg,147,5,212,72,red-leather-ball
train/leather (169).jpg,40,75,105,140,red-leather-ball
train/leather (169).jpg,116,76,180,142,red-leather-ball
train/leather (169).jpg,80,149,145,214,red-leather-ball
train/leather (17).jpg,71,29,198,161,red-leather-ball
train/leather (170).jpg,76,48,193,165,red-leather-ball
train/leather (171).jpg,152,69,242,151,red-leather-ball
train/leather (172).jpg,79,14,220,154,red-leather-ball
train/leather (173).jpg,31,11,228,206,red-leather-ball
train/leather (174).jpg,16,14,208,207,red-leather-ball
train/leather (175).jpg,12,3,102,92,red-leather-ball
train/leather (175).jpg,103,9,185,94,red-leather-ball
train/leather (175).jpg,185,10,266,93,red-leather-ball
train/leather (175).jpg,11,93,100,181,red-leather-ball
train/leather (175).jpg,100,93,183,179,red-leather-ball
train/leather (175).jpg,182,92,264,172,red-leather-ball
train/leather (176).jpg,80,52,153,135,red-leather-ball
train/leather (177).jpg,64,29,195,162,red-leather-ball
train/leather (178).jpg,62,72,160,174,red-leather-ball
train/leather (179).jpg,26,30,199,204,red-leather-ball
train/leather (18).jpg,44,30,179,166,red-leather-ball
train/leather (180).jpg,7,8,216,218,red-leather-ball
train/leather (181).jpg,12,70,110,170,red-leather-ball
train/leather (182).jpg,121,72,180,133,red-leather-ball
train/leather (182).jpg,79,26,114,61,red-leather-ball
train/leather (182).jpg,46,14,67,33,red-leather-ball
train/leather (182).jpg,22,28,36,42,red-leather-ball
train/leather (182).jpg,6,55,20,68,red-leather-ball
train/leather (183).jpg,58,21,157,118,red-leather-ball
train/leather (183).jpg,4,125,101,222,red-leather-ball
train/leather (183).jpg,107,125,205,223,red-leather-ball
train/leather (184).jpg,1,2,224,224,red-leather-ball
train/leather (185).jpg,15,16,211,211,red-leather-ball
train/leather (186).jpg,23,22,195,196,red-leather-ball
train/leather (187).jpg,2,2,89,96,red-leather-ball
train/leather (187).jpg,84,41,177,134,red-leather-ball
train/leather (187).jpg,163,90,264,190,red-leather-ball
train/leather (188).jpg,29,29,195,196,red-leather-ball
train/leather (189).jpg,21,18,199,198,red-leather-ball
train/leather (19).jpg,2,1,221,224,red-leather-ball
train/leather (190).jpg,2,3,117,119,red-leather-ball
train/leather (190).jpg,108,106,222,223,red-leather-ball
train/leather (191).jpg,46,66,151,171,red-leather-ball
train/leather (191).jpg,138,50,199,112,red-leather-ball
train/leather (191).jpg,154,112,207,178,red-leather-ball
train/leather (191).jpg,1,68,58,132,red-leather-ball
train/leather (192).jpg,10,2,201,184,red-leather-ball
train/leather (193).jpg,9,2,220,225,red-leather-ball
train/leather (194).jpg,12,12,214,214,red-leather-ball
train/leather (196).jpg,11,10,220,219,red-leather-ball
train/leather (197).jpg,107,72,204,169,red-leather-ball
train/leather (198).jpg,1,1,223,224,red-leather-ball
train/leather (199).jpg,73,33,188,148,red-leather-ball
train/leather (2).jpg,39,34,193,190,red-leather-ball
train/leather (20).jpg,7,60,115,168,red-leather-ball
train/leather (20).jpg,118,62,215,166,red-leather-ball
train/leather (200).jpg,42,4,180,111,red-leather-ball
train/leather (201).jpg,2,76,103,188,red-leather-ball
train/leather (201).jpg,102,80,198,186,red-leather-ball
train/leather (202).jpg,69,170,134,237,red-leather-ball
train/leather (203).jpg,54,12,208,165,red-leather-ball
train/leather (204).jpg,65,21,210,167,red-leather-ball
train/leather (205).jpg,17,85,105,176,red-leather-ball
train/leather (205).jpg,132,13,278,158,red-leather-ball
train/leather (206).jpg,82,10,174,106,red-leather-ball
train/leather (206).jpg,22,98,126,201,red-leather-ball
train/leather (206).jpg,127,95,232,202,red-leather-ball
train/leather (207).jpg,11,26,141,157,red-leather-ball
train/leather (208).jpg,15,12,77,74,red-leather-ball
train/leather (208).jpg,85,12,148,75,red-leather-ball
train/leather (208).jpg,158,13,221,76,red-leather-ball
train/leather (208).jpg,47,78,109,141,red-leather-ball
train/leather (208).jpg,125,81,187,146,red-leather-ball
train/leather (208).jpg,82,147,145,210,red-leather-ball
train/leather (209).jpg,64,24,188,178,red-leather-ball
train/leather (21).jpg,39,74,76,102,red-leather-ball
train/leather (21).jpg,76,73,113,99,red-leather-ball
train/leather (21).jpg,114,71,152,99,red-leather-ball
train/leather (21).jpg,152,71,189,99,red-leather-ball
train/leather (21).jpg,33,100,72,136,red-leather-ball
train/leather (21).jpg,73,98,111,128,red-leather-ball
train/leather (21).jpg,116,97,155,128,red-leather-ball
train/leather (21).jpg,156,96,195,127,red-leather-ball
train/leather (21).jpg,26,129,67,160,red-leather-ball
train/leather (21).jpg,71,124,112,160,red-leather-ball
train/leather (21).jpg,118,127,158,160,red-leather-ball
train/leather (21).jpg,163,126,203,157,red-leather-ball
train/leather (210).jpg,85,83,159,157,red-leather-ball
train/leather (211).jpg,28,32,77,78,red-leather-ball
train/leather (211).jpg,1,55,63,99,red-leather-ball
train/leather (211).jpg,64,64,100,98,red-leather-ball
train/leather (211).jpg,37,19,78,51,red-leather-ball
train/leather (211).jpg,1,9,37,28,red-leather-ball
train/leather (211).jpg,37,9,72,19,red-leather-ball
train/leather (212).jpg,20,10,84,75,red-leather-ball
train/leather (213).jpg,11,3,91,82,red-leather-ball
train/leather (214).jpg,8,5,92,92,red-leather-ball
train/leather (215).jpg,12,13,214,213,red-leather-ball
train/leather (216).jpg,25,24,205,204,red-leather-ball
train/leather (217).jpg,1,2,220,228,red-leather-ball
train/leather (218).jpg,32,29,195,194,red-leather-ball
train/leather (219).jpg,11,16,217,220,red-leather-ball
train/leather (22).jpg,5,6,87,86,red-leather-ball
train/leather (22).jpg,99,7,183,87,red-leather-ball
train/leather (22).jpg,191,7,275,89,red-leather-ball
train/leather (22).jpg,7,97,90,179,red-leather-ball
train/leather (22).jpg,103,98,185,179,red-leather-ball
train/leather (22).jpg,195,99,278,180,red-leather-ball
train/leather (220).jpg,24,12,198,186,red-leather-ball
train/leather (221).jpg,3,2,185,187,red-leather-ball
train/leather (222).jpg,33,38,180,190,red-leather-ball
train/leather (223).jpg,7,3,219,221,red-leather-ball
train/leather (224).jpg,16,8,212,210,red-leather-ball
train/leather (225).jpg,6,6,220,220,red-leather-ball
train/leather (226).jpg,33,31,189,193,red-leather-ball
train/leather (227).jpg,40,29,200,189,red-leather-ball
train/leather (228).jpg,6,3,219,219,red-leather-ball
train/leather (229).jpg,8,8,216,217,red-leather-ball
train/leather (23).jpg,26,49,92,117,red-leather-ball
train/leather (23).jpg,103,90,170,159,red-leather-ball
train/leather (23).jpg,20,134,88,203,red-leather-ball
train/leather (230).jpg,55,56,173,174,red-leather-ball
train/leather (24).jpg,66,2,168,102,red-leather-ball
train/leather (24).jpg,7,107,110,210,red-leather-ball
train/leather (24).jpg,131,107,233,207,red-leather-ball
train/leather (25).jpg,71,93,157,178,red-leather-ball
train/leather (26).jpg,31,32,194,194,red-leather-ball
train/leather (27).jpg,3,2,222,224,red-leather-ball
train/leather (28).jpg,29,39,94,104,red-leather-ball
train/leather (29).jpg,12,12,98,101,red-leather-ball
train/leather (29).jpg,120,12,205,102,red-leather-ball
train/leather (29).jpg,12,129,98,219,red-leather-ball
train/leather (29).jpg,119,129,204,218,red-leather-ball
train/leather (3).jpg,66,19,209,163,red-leather-ball
train/leather (30).jpg,58,118,133,189,red-leather-ball
train/leather (31).jpg,15,40,58,84,red-leather-ball
train/leather (31).jpg,58,41,100,83,red-leather-ball
train/leather (31).jpg,101,41,145,85,red-leather-ball
train/leather (31).jpg,146,41,189,85,red-leather-ball
train/leather (31).jpg,192,47,235,90,red-leather-ball
train/leather (31).jpg,35,78,80,122,red-leather-ball
train/leather (31).jpg,80,78,122,121,red-leather-ball
train/leather (31).jpg,122,80,166,122,red-leather-ball
train/leather (31).jpg,164,79,206,123,red-leather-ball
train/leather (31).jpg,13,116,58,160,red-leather-ball
train/leather (31).jpg,58,116,101,158,red-leather-ball
train/leather (31).jpg,101,116,143,160,red-leather-ball
train/leather (31).jpg,144,117,188,160,red-leather-ball
train/leather (31).jpg,188,117,232,160,red-leather-ball
train/leather (31).jpg,77,153,121,196,red-leather-ball
train/leather (31).jpg,121,154,166,197,red-leather-ball
train/leather (31).jpg,81,5,123,48,red-leather-ball
train/leather (31).jpg,124,5,167,49,red-leather-ball
train/leather (32).jpg,73,27,200,156,red-leather-ball
train/leather (33).jpg,28,28,197,197,red-leather-ball
train/leather (34).jpg,43,34,182,177,red-leather-ball
train/leather (35).jpg,70,21,208,165,red-leather-ball
train/leather (36).jpg,18,20,207,208,red-leather-ball
train/leather (37).jpg,82,16,210,144,red-leather-ball
train/leather (39).jpg,42,42,184,185,red-leather-ball
train/leather (4).jpg,28,30,177,202,red-leather-ball
train/leather (40).jpg,2,1,219,228,red-leather-ball
train/leather (41).jpg,18,16,206,207,red-leather-ball
train/leather (42).jpg,4,1,223,225,red-leather-ball
train/leather (43).jpg,6,22,202,221,red-leather-ball
train/leather (44).jpg,160,49,266,152,red-leather-ball
train/leather (45).jpg,7,156,107,260,red-leather-ball
train/leather (46).jpg,7,33,176,203,red-leather-ball
train/leather (47).jpg,9,9,216,214,red-leather-ball
train/leather (48).jpg,59,21,155,118,red-leather-ball
train/leather (48).jpg,4,126,100,222,red-leather-ball
train/leather (48).jpg,107,126,203,220,red-leather-ball
train/leather (49).jpg,21,26,188,197,red-leather-ball
train/leather (5).jpg,4,9,220,227,red-leather-ball
train/leather (50).jpg,72,24,210,162,red-leather-ball
train/leather (51).jpg,59,29,188,158,red-leather-ball
train/leather (52).jpg,18,16,211,209,red-leather-ball
train/leather (53).jpg,11,12,213,213,red-leather-ball
train/leather (54).jpg,57,134,176,237,red-leather-ball
train/leather (55).jpg,36,39,182,184,red-leather-ball
train/leather (56).jpg,53,44,141,132,red-leather-ball
train/leather (57).jpg,134,39,237,143,red-leather-ball
train/leather (58).jpg,35,4,205,176,red-leather-ball
train/leather (59).jpg,25,95,172,244,red-leather-ball
train/leather (6).jpg,51,23,228,202,red-leather-ball
train/leather (60).jpg,61,2,169,112,red-leather-ball
train/leather (60).jpg,1,98,112,210,red-leather-ball
train/leather (60).jpg,110,98,222,207,red-leather-ball
train/leather (61).jpg,7,24,200,217,red-leather-ball
train/leather (62).jpg,42,17,209,182,red-leather-ball
train/leather (63).jpg,31,30,192,192,red-leather-ball
train/leather (64).jpg,34,28,116,111,red-leather-ball
train/leather (64).jpg,121,32,203,113,red-leather-ball
train/leather (64).jpg,35,116,117,200,red-leather-ball
train/leather (64).jpg,123,118,205,201,red-leather-ball
train/leather (65).jpg,40,100,142,202,red-leather-ball
train/leather (66).jpg,20,42,173,198,red-leather-ball
train/leather (67).jpg,11,13,215,213,red-leather-ball
train/leather (68).jpg,24,3,192,158,red-leather-ball
train/leather (69).jpg,52,51,131,135,red-leather-ball
train/leather (7).jpg,36,37,191,193,red-leather-ball
train/leather (70).jpg,58,95,101,138,red-leather-ball
train/leather (71).jpg,33,34,189,188,red-leather-ball
train/leather (72).jpg,66,36,152,118,red-leather-ball
train/leather (73).jpg,54,26,145,117,red-leather-ball
train/leather (73).jpg,6,127,96,217,red-leather-ball
train/leather (73).jpg,112,126,203,218,red-leather-ball
train/leather (74).jpg,20,21,206,206,red-leather-ball
train/leather (75).jpg,46,20,196,173,red-leather-ball
train/leather (76).jpg,44,19,208,182,red-leather-ball
train/leather (77).jpg,5,10,121,131,red-leather-ball
train/leather (77).jpg,121,11,242,135,red-leather-ball
train/leather (78).jpg,28,25,193,196,red-leather-ball
train/leather (79).jpg,118,51,201,127,red-leather-ball
train/leather (79).jpg,201,62,282,127,red-leather-ball
train/leather (79).jpg,63,89,177,161,red-leather-ball
train/leather (79).jpg,177,104,286,157,red-leather-ball
train/leather (79).jpg,140,30,205,81,red-leather-ball
train/leather (79).jpg,84,16,141,57,red-leather-ball
train/leather (8).jpg,8,14,69,78,red-leather-ball
train/leather (8).jpg,71,16,135,81,red-leather-ball
train/leather (8).jpg,136,16,199,82,red-leather-ball
train/leather (8).jpg,33,83,99,150,red-leather-ball
train/leather (8).jpg,102,83,172,154,red-leather-ball
train/leather (8).jpg,64,152,138,226,red-leather-ball
train/leather (80).jpg,63,30,216,168,red-leather-ball
train/leather (81).jpg,1,36,187,240,red-leather-ball
train/leather (82).jpg,8,29,61,84,red-leather-ball
train/leather (82).jpg,62,31,114,87,red-leather-ball
train/leather (82).jpg,114,29,168,89,red-leather-ball
train/leather (82).jpg,168,30,224,88,red-leather-ball
train/leather (82).jpg,8,83,63,137,red-leather-ball
train/leather (82).jpg,62,86,114,139,red-leather-ball
train/leather (82).jpg,114,88,167,142,red-leather-ball
train/leather (82).jpg,4,136,61,188,red-leather-ball
train/leather (82).jpg,62,138,114,190,red-leather-ball
train/leather (82).jpg,113,141,168,193,red-leather-ball
train/leather (82).jpg,168,143,222,194,red-leather-ball
train/leather (82).jpg,167,88,222,143,red-leather-ball
train/leather (83).jpg,32,42,42,51,red-leather-ball
train/leather (84).jpg,44,44,181,180,red-leather-ball
train/leather (85).jpg,57,21,195,157,red-leather-ball
train/leather (86).jpg,13,109,105,204,red-leather-ball
train/leather (86).jpg,120,100,213,194,red-leather-ball
train/leather (87).jpg,37,13,181,160,red-leather-ball
train/leather (88).jpg,9,46,143,178,red-leather-ball
train/leather (89).jpg,62,65,153,155,red-leather-ball
train/leather (9).jpg,74,49,193,168,red-leather-ball
train/leather (90).jpg,32,16,157,148,red-leather-ball
train/leather (91).jpg,13,11,194,227,red-leather-ball
train/leather (92).jpg,41,21,124,94,red-leather-ball
train/leather (93).jpg,47,42,180,176,red-leather-ball
train/leather (94).jpg,74,19,196,143,red-leather-ball
train/leather (95).jpg,14,67,177,214,red-leather-ball
train/leather (96).jpg,112,39,238,158,red-leather-balldd
train/leather (97).jpg,33,90,123,149,red-leather-balldd
train/leather (98).jpg,1,25,63,129,red-leather-balldd
train/leather (98).jpg,64,24,168,130,red-leather-balldd
train/leather (98).jpg,169,24,225,125,red-leather-balldd
train/leather (98).jpg,1,124,50,217,red-leather-balldd
train/leather (98).jpg,48,124,158,220,red-leather-balldd
train/leather (98).jpg,157,123,225,220,red-leather-balldd
train/leather (99).jpg,1,1,79,167,red-leather-balldd
